Professional Skills,Technical Skills,Design & Creative,Marketing,Sales,Finance & Accounting,Project Management,Human Resources (HR) & Recruitment,Customer Service & Support,Legal Skills,Education & Training,Languages,Engineering & Manufacturing,Science & Healthcare,IT & Networking,Travel planning,Environmental Sustainability
Leadership,Software Development,Graphic Design,Digital Marketing,Sales Management,Financial Analysis,Project Planning,Recruitment,Customer Service,Contract Law,Instructional Design,"English (Fluent, Native, Bilingual)",Mechanical Engineering,Medical Research,Network Administration,Itinerary Planning,Sustainability Reporting
Communication,Web Development,UI/UX Design,SEO (Search Engine Optimization),B2B Sales,"Accounting (GAAP, IFRS)",Agile Methodology,Talent Acquisition,Conflict Resolution,Corporate Law,Curriculum Development,Spanish,Electrical Engineering,Clinical Research,"Cisco Networking (CCNA, CCNP)",Travel Coordination,Environmental Impact Assessment
Teamwork,Python,Web Design,Content Marketing,B2C Sales,Budgeting,Scrum,Employee Engagement,"CRM Software (Salesforce, Zendesk)",Legal Research,eLearning,French,Civil Engineering,Pharmacology,LAN/WAN Management,Flight Booking,Renewable Energy
Problem-Solving,JavaScript,"Adobe Creative Suite (Photoshop, Illustrator, InDesign)",Social Media Marketing,Sales Strategy,Financial Reporting,Risk Management,Performance Management,Technical Support,Litigation,Training Delivery,German,Project Engineering,Biotechnology,Network Security,Hotel Reservations,Climate Change Mitigation
Time Management,SQL,Branding,Email Marketing,Negotiation,Tax Preparation,Resource Management,Organizational Development,Help Desk Operations,Compliance,Coaching,Mandarin,"CAD (AutoCAD, SolidWorks)",Laboratory Skills,Firewall Configuration,Group Travel Management,Environmental Compliance
Adaptability,Java,Illustration,PPC (Pay-Per-Click),Lead Generation,Financial Modeling,Project Scheduling,Conflict Resolution,Customer Satisfaction,Intellectual Property (IP) Law,Mentorship,Arabic,Manufacturing Processes,Healthcare Management,VPN (Virtual Private Network),Travel Budgeting,Sustainable Development
Critical Thinking,"Cloud Computing (AWS, Azure, Google Cloud)",Motion Graphics,Brand Strategy,Salesforce,Investment Strategy,Stakeholder Management,Workforce Planning,Troubleshooting,Mergers & Acquisitions (M&A),Public Speaking,Portuguese,Quality Control,Patient Care,"Cloud Computing (AWS, Azure, Google Cloud)",Event Planning,Waste Management
Collaboration,Cybersecurity,3D Modeling,Market Research,Account Management,Bookkeeping,Budget Management,Compensation & Benefits,Product Knowledge,Legal Writing,Learning Management Systems (LMS),Italian,Lean Manufacturing,Medical Imaging,"Network Protocols (TCP/IP, DNS, HTTP)",Destination Research,Carbon Footprint Reduction
Negotiation,Machine Learning,Video Editing,Google Analytics,Customer Relationship Management (CRM),Cost Management,Quality Assurance (QA),Labor Relations,Active Listening,Negotiation,Needs Assessment,Russian,Process Improvement,Pharmaceuticals,System Administration,Travel Documentation,Green Building Standards (LEED)
Decision-Making,Artificial Intelligence (AI),Typography,Affiliate Marketing,Sales Planning,Auditing,Team Leadership,Onboarding,Problem Solving,Dispute Resolution,Educational Technology,Japanese,PLC Programming,Nursing,IT Support,Visa & Passport Assistance,Resource Conservation
Conflict Resolution,Data Analysis,Animation,Marketing Automation,Prospecting,Cash Flow Management,Change Management,Employee Relations,Communication Skills,Employment Law,Blended Learning,Korean,Product Design,Public Health,"Virtualization (VMware, Hyper-V)",Transportation Arrangements,Environmental Policy
Project Management,"Database Management (SQL, NoSQL)",Photography,Lead Generation,Closing Deals,Risk Management,Communication,HR Policies,Escalation Management,Tax Law,Adult Education,Hindi,3D Modeling,Health Education,Server Management,Client Service,Eco-friendly Product Design
Emotional Intelligence,DevOps,Print Design,Copywriting,Cold Calling,Payroll,Problem Solving,Diversity & Inclusion,Ticketing Systems,Real Estate Law,Facilitation,Dutch,Industrial Engineering,Regulatory Affairs,Cybersecurity,Travel Policies,Water Management
Work Ethic,"Data Visualization (Tableau, Power BI)",Creative Direction,Campaign Management,Market Research,Mergers & Acquisitions (M&A),Project Coordination,HRIS (Human Resource Information System),Customer Retention,Privacy Law,Classroom Management,Swedish,Supply Chain Management,Epidemiology,Linux/Unix,Risk Management,Sustainable Agriculture
Active Listening,Git,Logo Design,Customer Relationship Management (CRM),Sales Presentations,Corporate Finance,Timeline Management,Training & Development,Customer Support Training,Regulatory Affairs,Performance Evaluation,Turkish,Operations Management,Genetics,Troubleshooting,Travel Consulting,Energy Efficiency
